0.0050925,-0.054143,0.0039778
0.024043,-0.25877,0.018541
0.05822,-0.6334,0.043891
0.10362,-1.1355,0.076035
0.15698,-1.7285,0.11324
0.21549,-2.3813,0.15497
0.27694,-3.0677,0.19948
0.33962,-3.7659,0.24411
0.40208,-4.4582,0.28651
0.46297,-5.1305,0.32573
0.52104,-5.7714,0.3628
0.57533,-6.3728,0.39964
0.62542,-6.9292,0.43785
0.67164,-7.4373,0.47772
0.71459,-7.8955,0.5179
0.75435,-8.3038,0.55638
0.79055,-8.663,0.59139
0.82294,-8.9747,0.62202
0.85222,-9.2413,0.6487
0.87969,-9.4658,0.67223
0.90557,-9.652,0.69337
0.92892,-9.8036,0.71283
0.94922,-9.9241,0.7307
0.9666,-10.017,0.74693
0.9813,-10.086,0.76171
0.99358,-10.134,0.77503
1.004,-10.164,0.78625
1.0131,-10.179,0.79477
1.0214,-10.182,0.80087
1.0291,-10.174,0.80523
1.0358,-10.159,0.80865
1.0414,-10.138,0.81171
1.0458,-10.113,0.81395
1.0492,-10.085,0.81477
1.0514,-10.055,0.81415
1.0524,-10.025,0.8126
1.0525,-9.9952,0.8107
1.052,-9.9659,0.80886
1.0508,-9.9381,0.80715
1.0489,-9.9121,0.80528
1.0461,-9.8881,0.80295
1.0426,-9.8656,0.80012
1.0385,-9.8442,0.79669
1.0339,-9.8244,0.7928
1.0291,-9.8066,0.78891
1.0242,-9.7915,0.78517
1.0195,-9.7787,0.78169
1.0149,-9.7681,0.77888
1.0105,-9.7597,0.77698
1.0062,-9.7531,0.77559
1.0023,-9.748,0.77415
0.99876,-9.744,0.7726
0.99587,-9.7413,0.77142
0.99367,-9.7394,0.77087
0.99147,-9.7378,0.77084
0.98864,-9.7365,0.77104
0.98521,-9.7357,0.77115
0.98155,-9.7354,0.77114
0.97816,-9.7354,0.77124
0.97552,-9.736,0.77177
0.97386,-9.7371,0.77257
0.97301,-9.7386,0.77303
0.97268,-9.7404,0.77296
0.97271,-9.7424,0.77283
0.9731,-9.7441,0.77334
0.97395,-9.7455,0.77455
0.97526,-9.7466,0.77558
0.97702,-9.7475,0.77564
0.97901,-9.7482,0.77476
0.98083,-9.7491,0.77362
0.98243,-9.7504,0.77297
0.98404,-9.7516,0.77292
0.98555,-9.7524,0.77302
0.98687,-9.7529,0.77277
0.98817,-9.7538,0.772
0.98947,-9.7548,0.77076
0.99084,-9.7557,0.76932
0.99251,-9.756,0.76828
0.99466,-9.7557,0.76791
0.9975,-9.7551,0.76804
1.0013,-9.7547,0.76846
1.0059,-9.7543,0.76899
1.0107,-9.7538,0.76914
1.0145,-9.753,0.76855
1.0168,-9.7521,0.76724
1.0178,-9.7511,0.76509
1.0176,-9.7503,0.76183
1.0163,-9.75,0.75766
1.0147,-9.7503,0.7531
1.0136,-9.7508,0.74863
1.0132,-9.7514,0.7444
1.0133,-9.7519,0.74009
1.0136,-9.7523,0.73571
1.0133,-9.7527,0.73167
1.0122,-9.7531,0.7283
1.0107,-9.7537,0.72554
1.0093,-9.7541,0.72301
1.0076,-9.7545,0.72055
1.0053,-9.7548,0.71812
1.0024,-9.7551,0.71581
0.99964,-9.7552,0.71356
0.99746,-9.7552,0.71117
0.99602,-9.7552,0.70861
0.99509,-9.7554,0.70586
0.99447,-9.756,0.70325
0.99409,-9.7568,0.7012
0.99383,-9.7574,0.69988
0.99361,-9.7576,0.69926
0.99348,-9.7576,0.699
0.99347,-9.7577,0.69833
0.99339,-9.7576,0.69676
0.99321,-9.7574,0.69464
0.99316,-9.7568,0.69267
0.99324,-9.7558,0.69114
0.99375,-9.7545,0.69028
0.99556,-9.7537,0.69015
0.99877,-9.7534,0.69019
1.0029,-9.7538,0.68957
1.0082,-9.7554,0.68754
1.0153,-9.758,0.68319
1.0247,-9.7622,0.67575
1.0365,-9.7689,0.66591
1.0483,-9.7765,0.65513
1.0571,-9.781,0.64412
1.0621,-9.7805,0.63415
1.0648,-9.7758,0.62786
1.0667,-9.7696,0.62688
1.068,-9.7642,0.63119
1.0684,-9.7599,0.63978
1.0684,-9.7558,0.65006
1.0682,-9.751,0.65947
1.0683,-9.7456,0.66784
1.0692,-9.7401,0.67613
1.0708,-9.7353,0.6841
1.072,-9.7311,0.69055
1.0712,-9.7269,0.69518
1.0677,-9.7223,0.69879
1.0624,-9.7179,0.70192
1.0555,-9.7153,0.70483
1.0464,-9.7159,0.70766
1.036,-9.7185,0.71035
1.0258,-9.7216,0.7127
1.0166,-9.7244,0.7145
1.0089,-9.7278,0.71595
1.0037,-9.7334,0.71755
1.0011,-9.7412,0.7194
0.99889,-9.7489,0.72126
0.9932,-9.7542,0.72385
0.98197,-9.7568,0.72853
0.9655,-9.757,0.73583
0.94519,-9.755,0.74552
0.92329,-9.7512,0.75722
0.90203,-9.7463,0.77068
0.88265,-9.7411,0.7859
0.86571,-9.7363,0.80256
0.85219,-9.7325,0.81958
0.84309,-9.7304,0.83544
0.83818,-9.7301,0.84882
0.83629,-9.7318,0.85888
0.83566,-9.7349,0.86592
0.8342,-9.7388,0.87151
0.8309,-9.7434,0.87756
0.82607,-9.7494,0.88557
0.82032,-9.7566,0.89565
0.81388,-9.7641,0.90623
0.80712,-9.7705,0.91605
0.80167,-9.7745,0.92499
0.7998,-9.7757,0.93272
0.80162,-9.7755,0.93884
0.80473,-9.7751,0.94378
0.80698,-9.7748,0.94803
0.80807,-9.7748,0.95217
0.80896,-9.7757,0.9568
0.81084,-9.7771,0.962
0.816,-9.778,0.96729
0.82702,-9.7779,0.97188
0.84396,-9.7768,0.97531
0.86482,-9.774,0.97761
0.88752,-9.7692,0.97849
0.90947,-9.7635,0.97854
0.92905,-9.7594,0.97974
0.94832,-9.7586,0.98273
0.96877,-9.76,0.98705
0.9871,-9.7607,0.99309
0.99805,-9.7578,1.0018
0.99888,-9.7504,1.0144
0.99067,-9.7405,1.0305
0.97633,-9.7319,1.047
0.95843,-9.7259,1.0614
0.93828,-9.7222,1.0738
0.91615,-9.7214,1.0862
0.89265,-9.7231,1.0991
0.8692,-9.726,1.1124
0.84618,-9.7284,1.1258
0.82242,-9.7295,1.1399
0.79683,-9.7296,1.155
0.76978,-9.7295,1.1714
0.7432,-9.7292,1.1886
0.71931,-9.728,1.2063
0.69959,-9.726,1.2237
0.68404,-9.7238,1.2399
0.67127,-9.7218,1.255
0.66013,-9.7193,1.2701
0.65097,-9.7153,1.2858
0.64545,-9.7094,1.3021
0.64488,-9.7034,1.3182
0.64845,-9.6995,1.3326
0.65355,-9.6985,1.3442
0.65802,-9.6994,1.3533
0.66112,-9.7006,1.3613
0.66376,-9.7004,1.3694
0.66841,-9.6983,1.3785
0.67677,-9.6953,1.3878
0.68917,-9.6925,1.3958
0.70476,-9.6897,1.4025
0.72113,-9.6846,1.4089
0.73614,-9.6768,1.4136
0.74969,-9.6706,1.4121
0.7611,-9.6697,1.4021
0.76637,-9.6722,1.3883
0.76289,-9.6733,1.3794
0.75415,-9.6717,1.3804
0.74493,-9.6691,1.3909
0.7349,-9.6675,1.4059
0.71934,-9.6689,1.4184
0.69237,-9.6742,1.4289
0.64841,-9.6811,1.4442
0.5868,-9.6867,1.4684
0.51621,-9.6903,1.4994
0.45139,-9.694,1.5301
0.40501,-9.7009,1.552
0.38096,-9.7117,1.5574
0.37026,-9.7217,1.5429
0.35508,-9.725,1.5141
0.32284,-9.7212,1.4828
0.27318,-9.7147,1.4593
0.21557,-9.7101,1.4439
0.16363,-9.7082,1.4279
0.12672,-9.7061,1.4033
0.10757,-9.7006,1.368
0.1073,-9.6882,1.323
0.12706,-9.6691,1.2713
0.16512,-9.6473,1.2163
0.21511,-9.6272,1.1604
0.26696,-9.6109,1.1066
0.31209,-9.599,1.0587
0.3476,-9.5901,1.019
0.37371,-9.5828,0.98713
0.38949,-9.5786,0.962
0.39406,-9.5831,0.94276
0.38947,-9.6013,0.92739
0.37857,-9.6381,0.914
0.36047,-9.6965,0.90321
0.33069,-9.7738,0.89579
0.28649,-9.867,0.8896
0.22883,-9.9779,0.88081
0.16102,-10.109,0.86399
0.08686,-10.262,0.83376
0.0086108,-10.435,0.78666
-0.07517,-10.624,0.72269
-0.15356,-10.812,0.64502
-0.19811,-10.978,0.55688
-0.18741,-11.102,0.46628
-0.11318,-11.175,0.38472
0.014322,-11.211,0.33309
0.1693,-11.243,0.33627
0.33241,-11.287,0.38314
0.48725,-11.336,0.4222
0.62063,-11.39,0.40984
0.73595,-11.449,0.35782
0.84028,-11.5,0.31328
0.93139,-11.516,0.29877
1.0049,-11.479,0.30391
1.064,-11.382,0.30918
1.1176,-11.231,0.29475
1.1668,-11.038,0.25361
1.2027,-10.815,0.19945
1.2174,-10.569,0.14706
1.2126,-10.299,0.098978
1.1973,-10.002,0.051636
1.1794,-9.679,0.0023025
1.1644,-9.3367,-0.052957
1.1532,-8.986,-0.12317
1.1391,-8.6387,-0.21885
1.1115,-8.3035,-0.34605
1.0637,-7.9851,-0.50702
0.98476,-7.6968,-0.71243
0.8458,-7.4853,-0.98985
0.61994,-7.4259,-1.3461
0.33415,-7.5647,-1.7342
0.057988,-7.8773,-2.1094
-0.15978,-8.2792,-2.4852
-0.30087,-8.669,-2.8926
-0.3607,-8.977,-3.3198
-0.34014,-9.1746,-3.7062
-0.23828,-9.2868,-3.952
-0.055895,-9.3919,-3.9642
0.1841,-9.5601,-3.751
0.4319,-9.8084,-3.4341
0.64524,-10.098,-3.1305
0.81211,-10.347,-2.8724
0.94202,-10.472,-2.6412
1.0499,-10.454,-2.409
1.1495,-10.342,-2.1491
1.2428,-10.211,-1.843
1.3057,-10.114,-1.4844
1.2961,-10.063,-1.0897
1.1855,-10.054,-0.6999
1.0055,-10.067,-0.36101
0.83059,-10.071,-0.10578
0.71604,-10.044,0.063155
0.68326,-9.9753,0.1696
0.71886,-9.877,0.24515
0.77753,-9.775,0.32159
0.81865,-9.6859,0.41758
0.83393,-9.6116,0.52933
0.83338,-9.5468,0.63383
0.82546,-9.4852,0.70775
0.81672,-9.4243,0.75133
0.82108,-9.3662,0.77451
0.84873,-9.3179,0.77401
0.88481,-9.2878,0.75202
0.90215,-9.2791,0.73026
0.89044,-9.2942,0.72248
0.85717,-9.3354,0.71976
0.80911,-9.4,0.71221
0.74864,-9.4825,0.7005
0.67971,-9.5799,0.68658
0.60869,-9.6932,0.6674
0.54119,-9.8299,0.6329
0.47858,-9.9986,0.57374
0.41843,-10.197,0.49049
0.35529,-10.414,0.38497
0.28326,-10.634,0.2523
0.206,-10.838,0.089897
0.14454,-11.002,-0.092639
0.12526,-11.112,-0.27756
0.16774,-11.172,-0.44811
0.28846,-11.203,-0.58256
0.49367,-11.243,-0.63611
0.7591,-11.328,-0.5708
1.0289,-11.468,-0.43529
1.2475,-11.652,-0.34488
1.3979,-11.864,-0.34074
1.5027,-12.067,-0.34651
1.5863,-12.203,-0.29916
1.6621,-12.239,-0.22442
1.7416,-12.167,-0.15987
1.826,-11.992,-0.11248
1.906,-11.729,-0.082064
1.9715,-11.399,-0.061749
2.0123,-11.025,-0.042678
2.0239,-10.622,-0.029087
2.0109,-10.192,-0.029323
1.9822,-9.7369,-0.044757
1.9457,-9.26,-0.072993
1.9065,-8.7742,-0.11078
1.8664,-8.2945,-0.15744
1.8241,-7.8351,-0.21918
1.7766,-7.4065,-0.30448
1.713,-7.0276,-0.42485
1.613,-6.7374,-0.6041
1.4627,-6.571,-0.86247
1.257,-6.5633,-1.2165
0.98754,-6.7665,-1.6861
0.66979,-7.1795,-2.2369
0.37375,-7.6929,-2.7754
0.17092,-8.1662,-3.2416
0.076938,-8.5449,-3.605
0.082341,-8.8766,-3.8077
0.19003,-9.2424,-3.797
0.37857,-9.6639,-3.62
0.58015,-10.058,-3.4054
0.74212,-10.324,-3.2063
0.85735,-10.42,-2.9737
0.93993,-10.378,-2.6508
1.0077,-10.282,-2.2235
1.0663,-10.207,-1.7336
1.1023,-10.192,-1.2502
1.0967,-10.234,-0.8228
1.0462,-10.305,-0.47279
0.97394,-10.368,-0.21079
0.91428,-10.392,-0.032672
0.89396,-10.371,0.086177
0.9198,-10.32,0.17908
0.97533,-10.254,0.26988
1.0327,-10.178,0.36576
1.0724,-10.097,0.46882
1.0919,-10.016,0.57469
1.0972,-9.937,0.66478
1.0925,-9.8525,0.72569
1.0796,-9.759,0.76478
1.0626,-9.6625,0.79448
1.0508,-9.5746,0.81264
1.0529,-9.5013,0.81069
1.0718,-9.4408,0.78739
1.105,-9.3907,0.74742
1.1428,-9.3509,0.69964
1.1698,-9.326,0.66104
1.1748,-9.3224,0.65021
1.1624,-9.3412,0.6677
1.1504,-9.3803,0.68758
1.153,-9.439,0.68185
1.1649,-9.5178,0.65047
1.1692,-9.6151,0.60641
1.1556,-9.7256,0.55111
1.1221,-9.8414,0.47989
1.0729,-9.9567,0.39149
1.028,-10.075,0.29148
1.0272,-10.21,0.18188
1.1015,-10.363,0.057586
1.2555,-10.506,-0.052771
1.4744,-10.614,-0.091543
1.7139,-10.691,-0.051618
1.9112,-10.772,0.0058755
2.0362,-10.88,0.03686
2.11,-11.008,0.065199
2.168,-11.122,0.11136
2.2374,-11.184,0.15144
2.3303,-11.165,0.16449
2.439,-11.058,0.15482
2.5467,-10.873,0.13621
2.6367,-10.624,0.12013
2.6982,-10.332,0.11377
2.7355,-10.021,0.11298
2.7619,-9.7086,0.10498
2.7865,-9.4102,0.080868
2.8121,-9.1482,0.035405
2.8342,-8.9532,-0.034907
2.8347,-8.8683,-0.13629
2.7848,-8.9302,-0.27427
2.6612,-9.1202,-0.43619
2.4724,-9.3568,-0.60165
2.2609,-9.5476,-0.76713
2.0759,-9.6384,-0.9209
1.9568,-9.6164,-1.0257
1.9234,-9.5081,-1.0761
1.9745,-9.3705,-1.107
2.0819,-9.2617,-1.1405
2.183,-9.2129,-1.1703
2.2152,-9.2162,-1.167
2.1568,-9.2517,-1.1082
2.0225,-9.3108,-1.0086
1.8509,-9.3908,-0.90407
1.6926,-9.4789,-0.82665
1.5805,-9.5511,-0.79871
1.5213,-9.5915,-0.8213
1.5099,-9.5991,-0.86143
1.5297,-9.5863,-0.87204
1.5589,-9.5754,-0.83479
1.5914,-9.5805,-0.77341
1.6375,-9.5962,-0.71923
1.7052,-9.6111,-0.68224
1.79,-9.6185,-0.65467
1.8793,-9.6169,-0.62396
1.9598,-9.608,-0.58542
2.0206,-9.5938,-0.5419
2.0548,-9.578,-0.4946
2.0641,-9.5683,-0.44511
2.0574,-9.5684,-0.3976
2.0422,-9.5764,-0.35313
2.0254,-9.5892,-0.30972
2.0142,-9.6049,-0.26794
2.0123,-9.621,-0.2301
2.0183,-9.6333,-0.1949
2.0293,-9.6387,-0.15885
2.0451,-9.6378,-0.12088
2.0661,-9.6329,-0.081233
2.0898,-9.6259,-0.040186
2.1125,-9.6178,-0.0012153
2.1304,-9.6094,0.032149
2.1388,-9.6021,0.064
2.1366,-9.5977,0.10302
2.1307,-9.5968,0.1527
2.1307,-9.5948,0.20588
2.1366,-9.5867,0.24935
2.1388,-9.5723,0.27706
2.1287,-9.5575,0.29702
2.103,-9.5491,0.3188
2.0628,-9.55,0.34044
2.0062,-9.559,0.35685
1.9267,-9.5748,0.36807
1.8227,-9.598,0.37712
1.7015,-9.6287,0.38839
1.5772,-9.6654,0.40404
1.4651,-9.7022,0.42016
1.3725,-9.7304,0.43147
1.2965,-9.7512,0.44146
1.2323,-9.7733,0.45836
1.1798,-9.7981,0.48299
1.1462,-9.8197,0.50729
1.1395,-9.8316,0.51997
1.154,-9.8319,0.51658
1.1746,-9.8234,0.50254
1.1907,-9.8106,0.48294
1.1959,-9.797,0.45874
1.184,-9.7851,0.43577
1.1503,-9.7792,0.42441
1.1028,-9.7843,0.42801
1.0595,-9.7996,0.44104
1.0326,-9.8177,0.4552
1.0262,-9.8304,0.46565
1.0386,-9.8337,0.47419
1.0642,-9.8263,0.48683
1.0967,-9.809,0.50954
1.1306,-9.7866,0.54433
1.1625,-9.7667,0.58853
1.194,-9.7524,0.63514
1.2273,-9.7427,0.67609
1.2619,-9.7362,0.7101
1.2974,-9.7311,0.74117
1.3344,-9.726,0.77281
1.3753,-9.7213,0.80725
1.4246,-9.7184,0.84307
1.4845,-9.7161,0.8754
1.5519,-9.7094,0.90059
1.6202,-9.6942,0.91707
1.6855,-9.673,0.9217
1.7481,-9.653,0.91051
1.8059,-9.6391,0.88484
1.853,-9.6323,0.85132
1.8841,-9.6323,0.81585
1.897,-9.6376,0.77724
1.8922,-9.6465,0.72951
1.8698,-9.6598,0.67032
1.8288,-9.6805,0.60114
1.7723,-9.7084,0.52804
1.7109,-9.7381,0.46187
1.6576,-9.7619,0.40795
1.6183,-9.772,0.36178
1.5919,-9.7651,0.31901
1.5775,-9.746,0.27954
1.5768,-9.7235,0.24419
1.5889,-9.7038,0.2138
1.6075,-9.6882,0.18739
1.6221,-9.676,0.16024
1.6222,-9.6675,0.12679
1.6015,-9.6638,0.085248
1.5606,-9.6637,0.038875
1.5072,-9.6649,-0.0041927
1.4531,-9.6656,-0.03619
1.4126,-9.6646,-0.057812
1.3992,-9.659,-0.076162
1.4188,-9.6453,-0.094018
1.4671,-9.6228,-0.10669
1.5353,-9.5959,-0.10943
1.6109,-9.5685,-0.10122
1.6785,-9.5414,-0.081657
1.7228,-9.5164,-0.047607
1.7346,-9.4983,0.0036339
1.7169,-9.4972,0.06642
1.6787,-9.5208,0.13074
1.6259,-9.5676,0.19194
1.5635,-9.6242,0.25191
1.4976,-9.6707,0.31542
1.4339,-9.7015,0.38502
1.3777,-9.7249,0.46004
1.3322,-9.75,0.53721
1.2947,-9.7777,0.60958
1.2612,-9.8006,0.67393
1.2326,-9.8142,0.73356
1.2095,-9.8198,0.78722
1.1868,-9.819,0.831
1.1546,-9.8156,0.86361
1.1046,-9.8139,0.88203
1.0387,-9.8138,0.88488
0.9659,-9.812,0.87504
0.89333,-9.8065,0.8539
0.82542,-9.7967,0.82015
0.76437,-9.7825,0.77396
0.71105,-9.7642,0.71789
0.66731,-9.7434,0.65602
0.63595,-9.7235,0.59174
0.62003,-9.7076,0.52502
0.62303,-9.6964,0.456
0.64393,-9.6881,0.39041
0.67794,-9.68,0.33522
0.72402,-9.6707,0.29138
0.78521,-9.6596,0.25772
0.86269,-9.648,0.23506
0.95208,-9.6365,0.22425
1.0473,-9.6256,0.22476
1.1457,-9.6182,0.23316
1.2467,-9.614,0.24178
1.3427,-9.6066,0.23131
1.4264,-9.5906,0.2026
1.5,-9.5659,0.18706
1.5571,-9.5356,0.19312
1.5884,-9.5043,0.21243
1.6026,-9.4774,0.23965
1.6171,-9.4603,0.26597
1.6401,-9.4528,0.28928
1.669,-9.4506,0.31473
1.698,-9.451,0.34607
1.7211,-9.454,0.37856
1.73,-9.4601,0.40318
1.7149,-9.4695,0.42006
1.6706,-9.483,0.44161
1.6051,-9.5044,0.47628
1.5356,-9.5385,0.51427
1.475,-9.5866,0.54069
1.4246,-9.6432,0.55434
1.3812,-9.7024,0.5621
1.3472,-9.7608,0.56608
1.3318,-9.8155,0.55618
1.3489,-9.8677,0.53093
1.4102,-9.9234,0.51618
1.5238,-9.9846,0.52854
1.7021,-10.049,0.54074
1.9536,-10.11,0.50146
2.2701,-10.165,0.40728
2.6241,-10.207,0.31939
2.9644,-10.238,0.26296
3.2448,-10.282,0.1819
3.4547,-10.372,0.043679
3.6013,-10.491,-0.11677
3.6981,-10.586,-0.28098
3.7674,-10.613,-0.46287
3.819,-10.567,-0.67057
3.8435,-10.47,-0.89655
3.8327,-10.337,-1.125
3.7952,-10.168,-1.3491
3.7477,-9.9605,-1.5714
3.7013,-9.7202,-1.7943
3.6612,-9.4565,-2.021
3.6188,-9.1783,-2.2563
3.5542,-8.8961,-2.505
3.4486,-8.6236,-2.7687
3.2899,-8.3833,-3.0438
3.082,-8.1978,-3.3236
2.8483,-8.0674,-3.6004
2.6177,-7.9735,-3.8644
2.4116,-7.8937,-4.0958
2.2392,-7.8056,-4.2728
2.0954,-7.696,-4.398
1.9663,-7.5712,-4.4946
1.8361,-7.4563,-4.5856
1.6967,-7.3791,-4.6824
1.5546,-7.3508,-4.7844
1.4279,-7.3654,-4.8883
1.3377,-7.4114,-5.0001
1.2896,-7.4743,-5.1289
1.2668,-7.5289,-5.2677
1.2439,-7.5517,-5.3939
1.2034,-7.5463,-5.4912
1.1408,-7.5359,-5.5622
1.0646,-7.5366,-5.6204
0.98891,-7.5434,-5.6761
0.92157,-7.5406,-5.7348
0.86043,-7.52,-5.8012
0.79915,-7.4853,-5.8741
0.73307,-7.4434,-5.9473
0.66346,-7.3985,-6.0175
0.59661,-7.3518,-6.0861
0.53794,-7.3015,-6.156
0.48659,-7.2474,-6.2278
0.4348,-7.1923,-6.297
0.37531,-7.1394,-6.3585
0.30975,-7.0862,-6.4114
0.24593,-7.0279,-6.4589
0.18772,-6.9645,-6.5049
0.13329,-6.8979,-6.5542
0.078875,-6.8283,-6.611
0.020957,-6.7536,-6.676
-0.041163,-6.6728,-6.7528
-0.10428,-6.5896,-6.8482
-0.16466,-6.5101,-6.9602
-0.22096,-6.4364,-7.0756
-0.27303,-6.3655,-7.1823
-0.31998,-6.2898,-7.2762
-0.36214,-6.2048,-7.364
-0.40236,-6.1146,-7.4543
-0.4413,-6.0214,-7.5444
-0.47819,-5.9212,-7.6263
-0.51617,-5.8114,-7.6966
-0.56163,-5.6934,-7.7594
-0.61862,-5.5723,-7.8226
-0.68601,-5.4506,-7.8883
-0.75954,-5.3262,-7.9524
-0.83279,-5.1979,-8.0137
-0.89717,-5.0682,-8.0813
-0.94882,-4.9436,-8.1689
-0.99427,-4.8298,-8.2793
-1.042,-4.7253,-8.3984
-1.0937,-4.6206,-8.5044
-1.1467,-4.5053,-8.5893
-1.199,-4.3829,-8.6694
-1.2473,-4.2665,-8.7584
-1.2867,-4.1598,-8.8443
-1.3145,-4.0537,-8.9086
-1.3331,-3.9401,-8.9503
-1.3472,-3.8172,-8.9819
-1.3638,-3.6846,-9.0084
-1.3926,-3.5414,-9.0258
-1.4343,-3.3879,-9.0322
-1.4766,-3.2233,-9.0318
-1.5066,-3.0468,-9.0382
-1.5218,-2.861,-9.0714
-1.5393,-2.6698,-9.1381
-1.5769,-2.475,-9.2247
-1.6313,-2.2732,-9.3248
-1.6968,-2.0652,-9.447
-1.7806,-1.8568,-9.5866
-1.8847,-1.6478,-9.7207
-1.9992,-1.4397,-9.8331
-2.1132,-1.2444,-9.9225
-2.2221,-1.0703,-9.9911
-2.3264,-0.91797,-10.039
-2.4256,-0.78706,-10.066
-2.5163,-0.678,-10.072
-2.5911,-0.588,-10.058
-2.6427,-0.51184,-10.024
-2.6709,-0.44553,-9.9673
-2.6797,-0.38929,-9.8944
-2.6745,-0.34851,-9.818
-2.6639,-0.33005,-9.7533
-2.6516,-0.33487,-9.7114
-2.631,-0.35345,-9.6921
-2.601,-0.37308,-9.6804
-2.5715,-0.38777,-9.6611
-2.5497,-0.39739,-9.6334
-2.5355,-0.40196,-9.6041
-2.5261,-0.39857,-9.5724
-2.519,-0.38386,-9.5287
-2.5139,-0.35848,-9.4655
-2.5113,-0.32457,-9.385
-2.5127,-0.28285,-9.2973
-2.5197,-0.23369,-9.2149
-2.5337,-0.17925,-9.1462
-2.5553,-0.1257,-9.0907
-2.5879,-0.080411,-9.0452
-2.6369,-0.048207,-9.0109
-2.7039,-0.031747,-8.9935
-2.7845,-0.032488,-8.9965
-2.8697,-0.053087,-9.0139
-2.9485,-0.098931,-9.0388
-3.0144,-0.17111,-9.0707
-3.0674,-0.2582,-9.1066
-3.1108,-0.34291,-9.1379
-3.1456,-0.41689,-9.156
-3.1695,-0.48423,-9.1588
-3.1807,-0.55436,-9.1549
-3.1803,-0.63286,-9.1574
-3.1741,-0.7158,-9.1704
-3.1697,-0.7945,-9.1861
-3.1707,-0.86387,-9.1957
-3.1765,-0.92389,-9.1972
-3.1853,-0.97685,-9.1954
-3.195,-1.0244,-9.1966
-3.2053,-1.0655,-9.2016
-3.2167,-1.0992,-9.2076
-3.2291,-1.1259,-9.2115
-3.2412,-1.1467,-9.211
-3.2511,-1.1622,-9.2053
-3.257,-1.1723,-9.1952
-3.2579,-1.1773,-9.1823
-3.2538,-1.178,-9.1692
-3.245,-1.1749,-9.1576
-3.2318,-1.169,-9.1484
-3.2144,-1.1621,-9.1413
-3.1935,-1.1562,-9.136
-3.1708,-1.1535,-9.132
-3.1484,-1.1543,-9.1284
-3.1277,-1.1571,-9.1253
-3.1099,-1.1615,-9.1236
-3.0959,-1.1678,-9.1249
-3.0848,-1.1738,-9.1286
-3.0758,-1.1773,-9.1332
-3.0683,-1.1776,-9.1373
-3.0624,-1.1728,-9.1416
-3.0588,-1.1619,-9.1476
-3.0586,-1.1463,-9.1545
-3.0622,-1.1276,-9.1603
-3.0687,-1.1066,-9.1641
-3.0774,-1.0844,-9.1662
-3.0884,-1.0625,-9.1672
-3.1022,-1.042,-9.1672
-3.1192,-1.0236,-9.1665
-3.1387,-1.0076,-9.1655
-3.1589,-0.9938,-9.1648
-3.1782,-0.98235,-9.1643
-3.1958,-0.9733,-9.1642
-3.2119,-0.96638,-9.1646
-3.2272,-0.96067,-9.1661
-3.2421,-0.95616,-9.1704
-3.2563,-0.95426,-9.1776
-3.2673,-0.9553,-9.1846
-3.2721,-0.95773,-9.1885
-3.2718,-0.95881,-9.1891
-3.273,-0.95904,-9.1894
-3.2811,-0.96637,-9.1912
-3.2936,-0.98578,-9.1921
-3.3041,-1.011,-9.1884
-3.3096,-1.0341,-9.1799
-3.3113,-1.0507,-9.1665
-3.3112,-1.0566,-9.1458
-3.3117,-1.0493,-9.1176
-3.3157,-1.0298,-9.0873
-3.3248,-1.0025,-9.0613
-3.3392,-0.97258,-9.0432
-3.358,-0.94258,-9.0319
-3.378,-0.9141,-9.0218
-3.3938,-0.8882,-9.0067
-3.4004,-0.8616,-8.9868
-3.3948,-0.82913,-8.9696
-3.3778,-0.79135,-8.9646
-3.3526,-0.75169,-8.978
-3.3222,-0.70976,-9.0118
-3.2876,-0.66343,-9.0634
-3.2482,-0.61371,-9.1247
-3.2026,-0.5644,-9.1836
-3.1524,-0.52061,-9.2345
-3.1002,-0.48717,-9.2823
-3.0483,-0.4666,-9.3323
-2.9968,-0.45844,-9.3834
-2.9463,-0.45743,-9.426
-2.8993,-0.45578,-9.4477
-2.8556,-0.44949,-9.4453
-2.8168,-0.43803,-9.4264
-2.7887,-0.42218,-9.4028
-2.7703,-0.40468,-9.3829
-2.7537,-0.38926,-9.3655
-2.7335,-0.37945,-9.346
-2.7103,-0.37644,-9.3219
-2.6898,-0.3784,-9.2943
-2.6806,-0.38229,-9.2692
-2.6871,-0.38609,-9.2528
-2.7086,-0.3896,-9.2471
-2.7399,-0.39362,-9.2496
-2.7712,-0.39925,-9.2554
-2.793,-0.40687,-9.2621
-2.8051,-0.41457,-9.2716
-2.8166,-0.41869,-9.2892
-2.8357,-0.41589,-9.3168
-2.8592,-0.40384,-9.3488
-2.8763,-0.38084,-9.3719
-2.8811,-0.34721,-9.373
-2.8796,-0.30569,-9.3486
-2.882,-0.25984,-9.3052
-2.8935,-0.21384,-9.2539
-2.9154,-0.17157,-9.2064
-2.9476,-0.13505,-9.1686
-2.9854,-0.10681,-9.1384
-3.0211,-0.090372,-9.1113
-3.0515,-0.087887,-9.0879
-3.0796,-0.10286,-9.0764
-3.1113,-0.13715,-9.0872
-3.1477,-0.18525,-9.1209
-3.1811,-0.23984,-9.1627
-3.2034,-0.29578,-9.1931
-3.211,-0.35053,-9.204
-3.2042,-0.40608,-9.2006
-3.1852,-0.46775,-9.1946
-3.1582,-0.53976,-9.1949
-3.1274,-0.62166,-9.2046
-3.0959,-0.70974,-9.2209
-3.0654,-0.79894,-9.2363
-3.036,-0.88432,-9.2443
-3.0069,-0.96483,-9.2454
-2.9765,-1.0434,-9.2445
-2.9426,-1.1253,-9.2427
-2.9022,-1.2184,-9.2374
-2.8533,-1.326,-9.2311
-2.7978,-1.4426,-9.2314
-2.741,-1.5599,-9.2418
-2.6886,-1.6737,-9.2579
-2.643,-1.7816,-9.2719
-2.6019,-1.8808,-9.2793
-2.5598,-1.9681,-9.2839
-2.5121,-2.0423,-9.2929
-2.4573,-2.1021,-9.308
-2.3976,-2.1443,-9.3269
-2.3391,-2.1657,-9.348
-2.2914,-2.167,-9.3728
-2.2653,-2.1485,-9.4007
-2.2676,-2.1077,-9.4202
-2.2986,-2.0465,-9.4137
-2.3494,-1.9697,-9.372
-2.4038,-1.8837,-9.2992
-2.4486,-1.7983,-9.212
-2.4803,-1.7253,-9.1353
-2.4996,-1.6819,-9.0941
-2.5097,-1.6805,-9.1062
-2.5179,-1.7059,-9.1629
-2.5274,-1.7328,-9.2214
-2.536,-1.7529,-9.2446
-2.5436,-1.7681,-9.232
-2.5544,-1.782,-9.2077
-2.5713,-1.7995,-9.1922
-2.5939,-1.8232,-9.1903
-2.6187,-1.8529,-9.1981
-2.6421,-1.8877,-9.2103
-2.6624,-1.925,-9.2222
-2.6797,-1.959,-9.2297
-2.6944,-1.9847,-9.2314
-2.7079,-1.9995,-9.2275
-2.7212,-2.0025,-9.2207
-2.7348,-1.9933,-9.2139
-2.7475,-1.9732,-9.2087
-2.7585,-1.9438,-9.2054
-2.7686,-1.9065,-9.2035
-2.7796,-1.8628,-9.201
-2.7932,-1.816,-9.1965
-2.8104,-1.7696,-9.1913
-2.8313,-1.7268,-9.1861
-2.8554,-1.6889,-9.1807
-2.8817,-1.6546,-9.1747
-2.9088,-1.6222,-9.1676
-2.9359,-1.5915,-9.1592
-2.962,-1.5628,-9.1495
-2.9858,-1.5366,-9.1379
-3.0064,-1.5121,-9.1254
-3.0236,-1.4877,-9.1153
-3.0381,-1.4624,-9.1095
-3.0507,-1.4367,-9.1061
-3.0611,-1.4114,-9.102
-3.069,-1.3869,-9.0959
-3.0743,-1.3634,-9.0894
-3.0781,-1.3415,-9.0853
-3.0826,-1.3219,-9.0847
-3.0893,-1.3048,-9.0866
-3.099,-1.2898,-9.0895
-3.1111,-1.2773,-9.0931
-3.1245,-1.2676,-9.0977
-3.1384,-1.2617,-9.1027
-3.1521,-1.26,-9.1063
-3.1649,-1.2627,-9.1085
-3.176,-1.2698,-9.1094
-3.1846,-1.2817,-9.1084
-3.19,-1.2978,-9.1052
-3.1926,-1.3154,-9.1005
-3.1927,-1.3323,-9.0954
-3.1919,-1.348,-9.0921
-3.1919,-1.3629,-9.0929
-3.1932,-1.3778,-9.0989
-3.1952,-1.3932,-9.1086
-3.1964,-1.4105,-9.1191
-3.1961,-1.4301,-9.1277
-3.1935,-1.451,-9.1327
-3.188,-1.4712,-9.1351
-3.1796,-1.489,-9.1369
-3.1685,-1.503,-9.1401
-3.1548,-1.5121,-9.1454
-3.1388,-1.5161,-9.1519
-3.1211,-1.5163,-9.1578
-3.1026,-1.5135,-9.1617
-3.0841,-1.5077,-9.1631
-3.0663,-1.4989,-9.1631
-3.0502,-1.488,-9.1636
-3.0375,-1.4769,-9.1654
-3.0284,-1.4665,-9.1672
-3.0224,-1.4577,-9.1667
-3.0188,-1.4506,-9.1637
-3.0167,-1.4453,-9.1585
-3.0153,-1.4416,-9.1512
-3.0135,-1.4396,-9.1424
-3.0105,-1.4389,-9.1331
-3.0058,-1.4389,-9.1248
-2.9991,-1.4396,-9.1185
-2.9906,-1.441,-9.1143
-2.9806,-1.443,-9.1123
-2.9702,-1.4449,-9.1122
-2.9613,-1.4466,-9.1137
-2.9547,-1.4482,-9.1164
-2.9507,-1.4496,-9.1199
-2.9491,-1.4508,-9.1234
-2.9498,-1.4517,-9.1263
-2.9534,-1.4527,-9.1282
-2.9599,-1.4545,-9.1297
-2.9688,-1.4574,-9.1308
-2.9798,-1.4616,-9.1314
-2.9921,-1.4672,-9.1316
-3.0048,-1.4737,-9.1316
-3.0171,-1.4814,-9.1316
-3.0284,-1.4904,-9.1316
-3.0381,-1.4999,-9.131
-3.0457,-1.5087,-9.1294
-3.051,-1.5156,-9.1269
-3.0542,-1.5195,-9.1245
-3.0559,-1.5198,-9.1229
-3.0566,-1.5166,-9.1226
-3.0571,-1.5102,-9.1233
-3.058,-1.5009,-9.1245
-3.0591,-1.4897,-9.126
-3.0601,-1.4781,-9.1275
-3.0611,-1.4678,-9.1283
-3.0622,-1.4603,-9.128
-3.0635,-1.456,-9.1269
-3.0645,-1.4551,-9.1255
-3.0652,-1.4572,-9.124
-3.065,-1.4615,-9.1228
-3.064,-1.4671,-9.1219
-3.0625,-1.473,-9.1216
-3.0609,-1.4786,-9.122
-3.0594,-1.4833,-9.1228
-3.0582,-1.4871,-9.1235
-3.0576,-1.4902,-9.1236
-3.0572,-1.4926,-9.1232
-3.0568,-1.4946,-9.1224
-3.0559,-1.4961,-9.1217
-3.0544,-1.4973,-9.1209
-3.052,-1.4984,-9.1204
-3.0491,-1.4994,-9.1202
-3.0459,-1.5004,-9.1204
-3.0428,-1.5011,-9.1208
-3.0402,-1.5013,-9.1213
-3.0382,-1.5011,-9.1215
-3.037,-1.5005,-9.1215
-3.0365,-1.4995,-9.1216
-3.0368,-1.4981,-9.1216
-3.0379,-1.4966,-9.1216
-3.0397,-1.4951,-9.1215
-3.0422,-1.4934,-9.1213
-3.0449,-1.4912,-9.1214
-3.0476,-1.4886,-9.1219
-3.0503,-1.4858,-9.1225
-3.0528,-1.4834,-9.1226
-3.0552,-1.4817,-9.1222
-3.0576,-1.4808,-9.1212
-3.06,-1.4806,-9.1198
-3.0625,-1.4812,-9.1181
-3.0648,-1.4822,-9.1165
-3.0667,-1.4831,-9.1153
-3.068,-1.4839,-9.1144
-3.0688,-1.4847,-9.1139
-3.0693,-1.4859,-9.1137
-3.0695,-1.4875,-9.1135
-3.0693,-1.4892,-9.1134
-3.0689,-1.4907,-9.1133
-3.0683,-1.4919,-9.1134
-3.0676,-1.4931,-9.1138
-3.0668,-1.4939,-9.1144
-3.0657,-1.494,-9.1153
-3.0643,-1.4935,-9.1163
-3.0631,-1.4927,-9.1171
-3.0622,-1.4919,-9.1177
-3.0615,-1.4915,-9.1182
-3.0607,-1.4913,-9.1189
-3.0601,-1.4915,-9.1199
-3.0596,-1.4918,-9.1206
-3.0594,-1.4922,-9.1207
-3.0595,-1.4928,-9.1203
-3.0596,-1.4938,-9.1197
-3.06,-1.495,-9.1193
-3.0606,-1.4961,-9.1191
-3.0615,-1.497,-9.1186
-3.0624,-1.4976,-9.1178
-3.0634,-1.498,-9.1172
-3.0646,-1.4984,-9.1168
-3.0657,-1.4987,-9.1169
-3.0667,-1.499,-9.1174
-3.0674,-1.499,-9.118
-3.0681,-1.4987,-9.1183
-3.0686,-1.4978,-9.118
-3.0689,-1.4967,-9.1173
-3.0691,-1.4959,-9.1163
-3.0692,-1.4955,-9.1152
-3.0693,-1.4957,-9.1142
-3.069,-1.4962,-9.1138
-3.0683,-1.4966,-9.1139
-3.0673,-1.4971,-9.1142
-3.0662,-1.4977,-9.115
-3.0653,-1.4982,-9.116
-3.0647,-1.4984,-9.1169
-3.0645,-1.4982,-9.1179
-3.065,-1.4979,-9.1187
-3.0657,-1.4977,-9.1192
-3.0662,-1.4973,-9.1191
-3.0666,-1.4967,-9.1191
-3.0669,-1.4962,-9.1194
-3.0672,-1.4959,-9.12
-3.0673,-1.4959,-9.1208
-3.0673,-1.4962,-9.1213
-3.0671,-1.4967,-9.1216
-3.067,-1.4968,-9.122
-3.067,-1.4962,-9.1226
-3.0672,-1.495,-9.1231
-3.0674,-1.4933,-9.1233
-3.0675,-1.4919,-9.1237
-3.0675,-1.491,-9.1236
-3.0672,-1.4909,-9.1226
-3.0669,-1.4911,-9.121
-3.0665,-1.4913,-9.119
-3.0656,-1.4917,-9.1161
-3.0645,-1.492,-9.1115
-3.0633,-1.4907,-9.1044
-3.0621,-1.4865,-9.0938
-3.0606,-1.4778,-9.0806
-3.059,-1.4635,-9.068
-3.0586,-1.4438,-9.0597
-3.0615,-1.4219,-9.0578
-3.0682,-1.4032,-9.0621
-3.0755,-1.3911,-9.0695
-3.0785,-1.386,-9.0765
-3.0758,-1.3876,-9.0814
-3.0703,-1.3958,-9.0838
-3.0658,-1.4093,-9.0852
-3.0638,-1.4258,-9.0891
-3.0636,-1.4429,-9.0976
-3.0635,-1.4585,-9.1101
-3.0629,-1.4708,-9.1242
-3.0622,-1.4792,-9.1375
-3.0622,-1.4843,-9.1486
-3.0632,-1.4864,-9.1581
-3.0646,-1.4867,-9.1666
-3.0651,-1.4866,-9.1736
-3.0635,-1.4874,-9.179
-3.0588,-1.49,-9.1839
-3.0506,-1.495,-9.1897
-3.038,-1.5023,-9.1962
-3.0202,-1.5114,-9.2025
-2.9967,-1.5218,-9.2095
-2.9687,-1.5332,-9.2175
-2.9401,-1.5447,-9.2238
-2.9149,-1.555,-9.2265
-2.8952,-1.5637,-9.2259
-2.8794,-1.5723,-9.2235
-2.8659,-1.583,-9.2213
-2.854,-1.5979,-9.2215
-2.8437,-1.6198,-9.2245
-2.8349,-1.6508,-9.2289
-2.8272,-1.6904,-9.2337
-2.8179,-1.7369,-9.2388
-2.8037,-1.788,-9.2429
-2.7838,-1.8405,-9.2452
-2.7592,-1.8906,-9.2456
-2.7315,-1.9346,-9.2446
-2.7031,-1.9704,-9.2419
-2.6755,-1.998,-9.2361
-2.6488,-2.018,-9.226
-2.6239,-2.0297,-9.2131
-2.6027,-2.0322,-9.2008
-2.5866,-2.0261,-9.1921
-2.5756,-2.0125,-9.1877
-2.5684,-1.9912,-9.1858
-2.5628,-1.9618,-9.1828
-2.5579,-1.9246,-9.1768
-2.5541,-1.8805,-9.1682
-2.5532,-1.8298,-9.1597
-2.5577,-1.7735,-9.1541
-2.5687,-1.7139,-9.1518
-2.5846,-1.6538,-9.1515
-2.6023,-1.5943,-9.152
-2.6213,-1.5359,-9.1534
-2.6426,-1.4799,-9.156
-2.6682,-1.4286,-9.1595
-2.6974,-1.3835,-9.1624
-2.7262,-1.3455,-9.1622
-2.7514,-1.3137,-9.1587
-2.7741,-1.286,-9.1535
-2.7969,-1.261,-9.1488
-2.8221,-1.2377,-9.1452
-2.8488,-1.2158,-9.1424
-2.8754,-1.1948,-9.1401
-2.9012,-1.1747,-9.1391
-2.9269,-1.1566,-9.1407
-2.9533,-1.1405,-9.1453
-2.9792,-1.1261,-9.1509
-3.0013,-1.1135,-9.155
-3.0164,-1.1033,-9.1562
-3.024,-1.097,-9.1552
-3.0273,-1.0951,-9.1548
-3.0304,-1.0979,-9.1574
-3.0327,-1.1056,-9.1621
-3.0301,-1.1153,-9.1664
-3.02,-1.1228,-9.1693
-3.004,-1.1287,-9.1725
-2.9858,-1.1368,-9.1793
-2.9697,-1.1479,-9.1924
-2.9611,-1.1581,-9.2121
-2.9624,-1.1638,-9.2376
-2.9709,-1.1647,-9.2668
-2.978,-1.1646,-9.2966
-2.9739,-1.1683,-9.3243
-2.9574,-1.1744,-9.3522
-2.9366,-1.1763,-9.3864
-2.9196,-1.1701,-9.4273
-2.9092,-1.1591,-9.4683
-2.905,-1.147,-9.5002
-2.9064,-1.1303,-9.5154
-2.9137,-1.1047,-9.5124
-2.927,-1.0712,-9.4954
-2.9445,-1.0332,-9.469
-2.9639,-0.993,-9.4357
-2.9842,-0.94983,-9.3974
-3.0056,-0.90165,-9.3557
-3.0276,-0.84836,-9.311
-3.0493,-0.79089,-9.2639
-3.0712,-0.72921,-9.2148
-3.0948,-0.66355,-9.1644
-3.1205,-0.59633,-9.1143
-3.1469,-0.53123,-9.0657
-3.1719,-0.47056,-9.0187
-3.1946,-0.41578,-8.974
-3.2153,-0.36829,-8.9325
-3.2342,-0.32792,-8.8943
-3.2489,-0.29423,-8.86
-3.2559,-0.26778,-8.8326
-3.2558,-0.24883,-8.813
-3.2534,-0.23778,-8.7989
-3.256,-0.23641,-8.7904
-3.2668,-0.24651,-8.7916
-3.2811,-0.26735,-8.8079
-3.2841,-0.30363,-8.8503
-3.2622,-0.37212,-8.9354
-3.2223,-0.46735,-9.0624
-3.185,-0.55097,-9.2061
-3.1686,-0.60072,-9.3335
-3.1804,-0.62473,-9.4155
-3.2091,-0.63647,-9.4429
-3.2344,-0.63777,-9.4371
-3.2443,-0.62114,-9.4276
-3.2407,-0.58464,-9.4243
-3.2339,-0.54121,-9.4255
-3.2297,-0.50605,-9.4282
-3.2265,-0.48095,-9.4243
-3.221,-0.46539,-9.4063
-3.2137,-0.46619,-9.3771
-3.2077,-0.48889,-9.3472
-3.2044,-0.53392,-9.3246
-3.2031,-0.59959,-9.3128
-3.1997,-0.68146,-9.3087
-3.1877,-0.77454,-9.307
-3.1628,-0.87676,-9.3059
-3.1253,-0.9859,-9.3047
-3.0799,-1.0956,-9.301
-3.0319,-1.1981,-9.2935
-2.9834,-1.2895,-9.2837
-2.9359,-1.3678,-9.2753
-2.8911,-1.4298,-9.2707
-2.8469,-1.4782,-9.2676
-2.7998,-1.5216,-9.2641
-2.7514,-1.5571,-9.2607
-2.7088,-1.5741,-9.2553
-2.6788,-1.574,-9.2463
-2.6643,-1.5634,-9.2358
-2.6611,-1.545,-9.2267
-2.6629,-1.5207,-9.2214
-2.6667,-1.4925,-9.2195
-2.6722,-1.4616,-9.2176
-2.6791,-1.4288,-9.2143
-2.6861,-1.3948,-9.2103
-2.6921,-1.3592,-9.2058
-2.6968,-1.3212,-9.1995
-2.7014,-1.2815,-9.192
-2.7057,-1.2428,-9.1872
-2.7082,-1.2075,-9.1887
-2.7091,-1.1759,-9.1951
-2.7116,-1.1481,-9.2013
-2.719,-1.1237,-9.2031
-2.732,-1.1025,-9.2005
-2.7503,-1.0846,-9.1977
-2.7744,-1.0704,-9.1978
-2.8021,-1.0596,-9.1999
-2.8302,-1.053,-9.2035
-2.8573,-1.0518,-9.2109
-2.8837,-1.0563,-9.2247
-2.9089,-1.0643,-9.2432
-2.9308,-1.0721,-9.2591
-2.9476,-1.0777,-9.2645
-2.958,-1.0794,-9.2599
-2.9624,-1.0765,-9.2527
-2.9621,-1.07,-9.2479
-2.9589,-1.0622,-9.2466
-2.954,-1.0549,-9.2495
-2.9461,-1.0492,-9.2598
-2.9315,-1.0449,-9.278
-2.9091,-1.0393,-9.2995
-2.8837,-1.0294,-9.3171
-2.862,-1.0153,-9.3268
-2.8452,-1.0006,-9.331
-2.8296,-0.99075,-9.337
-2.813,-0.98601,-9.3492
-2.7968,-0.97993,-9.3675
-2.7848,-0.96971,-9.3948
-2.7836,-0.95964,-9.4377
-2.7953,-0.9533,-9.4976
-2.813,-0.94662,-9.5669
-2.8316,-0.93572,-9.6393
-2.8514,-0.9218,-9.7189
-2.874,-0.90325,-9.8118
-2.8998,-0.88106,-9.916
-2.9242,-0.86708,-10.024
-2.9343,-0.87384,-10.131
-2.9184,-0.90441,-10.234
-2.8783,-0.95552,-10.329
-2.8234,-1.0239,-10.42
-2.7597,-1.1103,-10.507
-2.6888,-1.221,-10.584
-2.6134,-1.3642,-10.644
-2.5404,-1.5447,-10.685
-2.4737,-1.7565,-10.704
-2.4069,-1.9863,-10.708
-2.3309,-2.2192,-10.699
-2.249,-2.4417,-10.672
-2.1656,-2.6479,-10.61
-2.076,-2.8385,-10.507
-1.9759,-3.0125,-10.37
-1.8666,-3.1661,-10.208
-1.7523,-3.2973,-10.031
-1.6407,-3.4088,-9.8483
-1.5366,-3.5073,-9.6648
-1.4369,-3.5974,-9.4776
-1.3351,-3.6782,-9.2795
-1.2289,-3.7468,-9.065
-1.1192,-3.7995,-8.8281
-1.0083,-3.8337,-8.5707
-0.90062,-3.8518,-8.303
-0.80105,-3.8599,-8.0353
-0.71138,-3.8651,-7.7754
-0.62667,-3.8731,-7.5299
-0.5388,-3.8866,-7.3035
-0.44308,-3.9112,-7.0979
-0.33855,-3.9582,-6.9148
-0.22887,-4.0344,-6.7559
-0.12244,-4.1386,-6.6231
-0.022642,-4.2683,-6.5237
0.07569,-4.4198,-6.4647
0.17579,-4.5851,-6.44
0.27381,-4.7551,-6.4252
0.36373,-4.9234,-6.3943
0.44403,-5.0883,-6.3398
0.52628,-5.2593,-6.2752
0.63958,-5.4609,-6.2251
0.81028,-5.7127,-6.2059
1.0344,-6.0108,-6.2166
1.2742,-6.3283,-6.2419
1.4833,-6.6264,-6.2594
1.6342,-6.8706,-6.2535
1.7173,-7.0369,-6.2169
1.7368,-7.1198,-6.1449
1.7089,-7.1331,-6.0396
1.6523,-7.098,-5.9151
1.5854,-7.038,-5.7915
1.528,-6.9786,-5.6883
1.503,-6.9458,-5.6251
1.5265,-6.9548,-5.6206
1.5876,-6.9939,-5.6767
1.6603,-7.0353,-5.7783
1.73,-7.0539,-5.9082
1.7923,-7.0343,-6.0532
1.8471,-6.9771,-6.194
1.8903,-6.8984,-6.2991
1.9064,-6.8212,-6.3451
1.8849,-6.7723,-6.3234
1.8347,-6.7737,-6.2371
1.7665,-6.829,-6.1002
1.6846,-6.9254,-5.9291
1.6004,-7.0466,-5.7377
1.5359,-7.181,-5.5341
1.5092,-7.3228,-5.3135
1.5237,-7.4653,-5.065
1.5752,-7.6044,-4.7823
1.6643,-7.7558,-4.4743
1.7905,-7.9497,-4.1641
1.9413,-8.1984,-3.8678
2.0964,-8.4773,-3.5862
2.2363,-8.7417,-3.3138
2.3499,-8.9632,-3.0495
2.4309,-9.1348,-2.7975
2.4723,-9.2604,-2.5607
2.4708,-9.3543,-2.3367
2.4293,-9.4363,-2.122
2.3553,-9.5204,-1.9167
2.2583,-9.609,-1.7208
2.147,-9.697,-1.5339
2.029,-9.7731,-1.356
1.9101,-9.8231,-1.1883
1.7949,-9.8342,-1.0349
1.6883,-9.8043,-0.90226
1.5947,-9.751,-0.78855
1.5189,-9.7006,-0.67583
1.4646,-9.6653,-0.54581
1.4294,-9.6421,-0.40946
1.4092,-9.6231,-0.29384
1.3965,-9.5998,-0.20521
1.38,-9.5749,-0.12588
1.3491,-9.5637,-0.031633
1.2944,-9.5743,0.086199
1.2146,-9.5987,0.20992
1.1247,-9.6222,0.31793
1.0433,-9.6376,0.40879
0.97721,-9.646,0.49243
0.92058,-9.6467,0.57341
0.86753,-9.6392,0.64377
0.81872,-9.629,0.69365
0.77812,-9.623,0.72519
0.74981,-9.6247,0.74312
0.73638,-9.6353,0.74755
0.73882,-9.6532,0.73889
0.75548,-9.6736,0.71663
0.78175,-9.6931,0.68002
0.8131,-9.7158,0.63882
0.84831,-9.7504,0.61385
0.89583,-9.8101,0.61278
0.9681,-9.9097,0.6194
1.0648,-10.052,0.62785
1.1765,-10.222,0.64469
1.3103,-10.401,0.64652
1.4963,-10.57,0.60261
1.7486,-10.717,0.52887
2.0353,-10.841,0.46716
2.3007,-10.948,0.42945
2.5113,-11.057,0.397
2.6671,-11.171,0.3573
2.7788,-11.264,0.31569
2.8524,-11.315,0.28859
2.8884,-11.306,0.28879
2.8823,-11.229,0.30092
2.8314,-11.088,0.29319
2.737,-10.893,0.25591
2.6032,-10.654,0.1969
2.4312,-10.372,0.11719
2.2176,-10.049,0.009656
1.9655,-9.6869,-0.13093
1.6907,-9.2922,-0.3022
1.4164,-8.8733,-0.49727
1.1622,-8.4426,-0.70668
0.93794,-8.0164,-0.92192
0.74524,-7.6113,-1.1424
0.58044,-7.2456,-1.3769
0.43751,-6.9442,-1.6405
0.31528,-6.7437,-1.955
0.22015,-6.6876,-2.3444
0.15748,-6.8045,-2.8229
0.12499,-7.0812,-3.3723
0.11709,-7.4556,-3.9357
0.14213,-7.848,-4.4537
0.22828,-8.2073,-4.893
0.39599,-8.5284,-5.2326
0.63846,-8.831,-5.4269
0.93989,-9.1334,-5.4208
1.2695,-9.4171,-5.2246
1.5744,-9.6232,-4.9073
1.8243,-9.7059,-4.5081
2.0186,-9.6687,-4.0333
2.1567,-9.5633,-3.5008
2.2402,-9.4593,-2.9295
2.28,-9.4135,-2.3347
2.287,-9.4516,-1.7434
2.2628,-9.5669,-1.2003
2.2079,-9.7214,-0.76536
2.1309,-9.8551,-0.47104
2.0437,-9.9311,-0.28634
1.9631,-9.9423,-0.15131
1.9095,-9.8971,-0.024456
1.8866,-9.8245,0.099103
1.8716,-9.7546,0.21503
1.8348,-9.6981,0.33394
1.7597,-9.6513,0.46401
1.6504,-9.6086,0.58975
1.5262,-9.5649,0.68339
1.4114,-9.5151,0.7327
1.3265,-9.4574,0.74268
1.2813,-9.3954,0.727
1.2726,-9.339,0.6982
1.2818,-9.3001,0.6649
1.285,-9.2831,0.64333
1.2776,-9.2819,0.64233
1.2795,-9.2971,0.64884
1.3086,-9.341,0.65137
1.3665,-9.4237,0.64872
1.4428,-9.5499,0.64164
1.5194,-9.7214,0.63128
1.5774,-9.9356,0.61424
1.6019,-10.183,0.57934
1.5841,-10.45,0.51817
1.536,-10.718,0.43076
1.4971,-10.956,0.32327
1.5134,-11.131,0.21412
1.6108,-11.236,0.128
1.7874,-11.295,0.088607
2.0174,-11.356,0.1007
2.254,-11.441,0.12458
2.4493,-11.55,0.11058
2.5845,-11.678,0.060733
2.671,-11.814,0.017943
2.7253,-11.922,0.0047939
2.7584,-11.945,0.013506
2.7776,-11.856,0.031313
2.788,-11.662,0.049853
2.7857,-11.38,0.06646
2.7585,-11.027,0.080313
2.7014,-10.61,0.085651
2.6207,-10.134,0.074521
2.525,-9.6139,0.045255
2.4216,-9.0663,0.00086267
2.3142,-8.5119,-0.055271
2.2063,-7.9684,-0.12317
2.1009,-7.449,-0.2072
1.9969,-6.9649,-0.31278
1.8864,-6.5367,-0.45291
1.7571,-6.2038,-0.65386
1.5998,-6.0299,-0.94509
1.4018,-6.0901,-1.355
1.1748,-6.4147,-1.8818
0.98307,-6.9049,-2.478
0.88484,-7.3623,-3.0848
0.88597,-7.6542,-3.6328
0.95105,-7.7881,-4.0539
1.0466,-7.8745,-4.2971
1.1703,-8.0333,-4.3265
1.3146,-8.3272,-4.1896
1.4556,-8.7384,-3.9975
1.5781,-9.154,-3.7994
1.6779,-9.4519,-3.5784
1.7587,-9.5733,-3.2977
1.8325,-9.5218,-2.9303
1.9128,-9.3611,-2.4878
1.997,-9.1882,-2.0084
2.0526,-9.08,-1.5267
2.0351,-9.0739,-1.0603
1.9314,-9.1552,-0.6311
1.7841,-9.2588,-0.26591
1.6526,-9.333,0.018487
1.5709,-9.3666,0.21726
1.5516,-9.3646,0.34409
1.5868,-9.3343,0.42454
1.6449,-9.2868,0.48183
1.6916,-9.2401,0.5375
1.713,-9.2102,0.6065
1.7122,-9.201,0.68631
1.6939,-9.2037,0.75892
1.6603,-9.2055,0.80774
1.6144,-9.199,0.83205
1.5644,-9.1842,0.83945
1.5277,-9.167,0.83022
1.5199,-9.1553,0.79612
1.5354,-9.1544,0.74324
1.5548,-9.165,0.69454
1.5671,-9.1887,0.66177
1.5671,-9.2312,0.63858
1.5531,-9.293,0.6158
1.5369,-9.3732,0.5912
1.536,-9.4808,0.55778
1.5487,-9.627,0.50565
1.5535,-9.8092,0.43675
1.5354,-10.012,0.35381
1.5059,-10.212,0.25473
1.5056,-10.386,0.15153
1.5769,-10.531,0.080434
1.7188,-10.673,0.079616
1.8774,-10.838,0.14228
1.984,-11.023,0.20215
1.9986,-11.209,0.18831
1.933,-11.393,0.1112
1.8323,-11.559,0.05275
1.7342,-11.659,0.04429
1.6606,-11.665,0.049296
1.6192,-11.575,0.040129
1.5986,-11.405,0.013722
1.5793,-11.178,-0.018436
1.5504,-10.913,-0.039336
1.5131,-10.62,-0.042392
1.4768,-10.303,-0.036389
1.4501,-9.9715,-0.036862
1.4335,-9.6349,-0.056173
1.4136,-9.3065,-0.10583
1.3714,-9.0014,-0.19831
1.3012,-8.7377,-0.34145
1.2005,-8.5415,-0.53625
1.0598,-8.4298,-0.77172
0.8849,-8.3877,-1.0266
0.71114,-8.3818,-1.2815
0.58218,-8.3869,-1.5269
0.51623,-8.3871,-1.7539
0.50424,-8.3687,-1.9436
0.52132,-8.3388,-2.0802
0.55531,-8.3426,-2.166
0.62374,-8.4618,-2.2188
0.73839,-8.7274,-2.2568
0.87125,-9.0365,-2.2483
0.96505,-9.2709,-2.1348
0.99013,-9.415,-1.9317
0.95056,-9.5185,-1.6845
0.85374,-9.6306,-1.4037
0.72485,-9.757,-1.0988
0.60253,-9.8755,-0.79028
0.51617,-9.9674,-0.49793
0.47578,-10.022,-0.23751
0.47804,-10.041,-0.020681
0.51779,-10.028,0.14589
0.58526,-9.9907,0.267
0.66385,-9.9458,0.36274
0.73624,-9.911,0.45738
0.79379,-9.8848,0.55953
0.84051,-9.8572,0.66051
0.88515,-9.8282,0.74863
0.93953,-9.8156,0.81763
1.0216,-9.8397,0.86328
1.1379,-9.8934,0.88064
1.2699,-9.9497,0.86785
1.39,-9.9895,0.83257
1.4849,-10.007,0.79723
1.5577,-10.001,0.78446
1.6245,-9.9766,0.79989
1.7045,-9.9403,0.83764
1.8077,-9.8999,0.8856
1.935,-9.8608,0.92575
2.0772,-9.8279,0.94343
2.2075,-9.8045,0.93742
2.2931,-9.791,0.9172
2.319,-9.7863,0.89263
2.2888,-9.787,0.87054
2.2183,-9.7891,0.85045
2.1292,-9.7911,0.82394
2.0372,-9.7931,0.78255
1.9518,-9.7932,0.72104
1.8768,-9.7868,0.6405
1.8159,-9.7696,0.54803
1.7756,-9.7392,0.44965
1.7619,-9.7025,0.342
1.7766,-9.6771,0.20918
1.8129,-9.6792,0.039402
1.8547,-9.7075,-0.1535
1.8796,-9.7476,-0.34205
1.8714,-9.7915,-0.511
1.8334,-9.8345,-0.6483
1.7797,-9.8664,-0.73576
1.7202,-9.8799,-0.7735
1.662,-9.8745,-0.78653
1.6131,-9.854,-0.80162
1.5783,-9.8228,-0.8327
1.5573,-9.7852,-0.88258
1.5486,-9.7444,-0.94572
1.5524,-9.7015,-1.0119
1.5707,-9.6561,-1.0752
1.6051,-9.6084,-1.1374
1.6563,-9.5605,-1.2048
1.723,-9.5126,-1.2859
1.8012,-9.4624,-1.3861
1.8849,-9.4093,-1.5026
1.9644,-9.3561,-1.6319
2.0269,-9.3087,-1.7758
2.0649,-9.2724,-1.9322
2.0822,-9.2435,-2.0787
2.0895,-9.2087,-2.1816
2.1003,-9.158,-2.2273
2.1279,-9.0883,-2.2217
2.1748,-9.0041,-2.1807
2.2337,-8.9182,-2.1301
2.293,-8.8463,-2.0874
2.3456,-8.8019,-2.0387
2.3998,-8.7956,-1.9547
2.4663,-8.8338,-1.8337
2.5406,-8.9131,-1.7041
2.6019,-9.0141,-1.5835
2.6219,-9.1143,-1.4589
2.5854,-9.2009,-1.3132
2.5028,-9.2704,-1.1473
2.3977,-9.3269,-0.97298
2.2871,-9.3786,-0.80274
2.1798,-9.4284,-0.63973
2.0856,-9.4752,-0.48344
2.0143,-9.5173,-0.33862
1.9663,-9.5513,-0.20771
1.9284,-9.5768,-0.083948
1.8831,-9.5986,0.040549
1.8253,-9.6215,0.1637
1.7653,-9.6448,0.27687
1.7142,-9.664,0.37513
1.6734,-9.6759,0.45946
1.6396,-9.6821,0.53314
1.6114,-9.686,0.59867
1.5893,-9.6905,0.6556
1.5749,-9.697,0.7012
1.5682,-9.7053,0.73368
1.566,-9.7135,0.75416
1.5635,-9.7199,0.76716
1.5579,-9.7249,0.77835
1.5507,-9.7292,0.7906
1.5456,-9.7325,0.80412
1.5453,-9.7343,0.81858
1.5512,-9.7345,0.83377
1.5634,-9.7327,0.85015
1.5814,-9.7286,0.86833
1.6064,-9.7217,0.88694
1.6401,-9.7108,0.90282
1.6825,-9.6959,0.91523
1.7299,-9.6793,0.92743
1.777,-9.6635,0.94286
1.8203,-9.6493,0.96112
1.8584,-9.6367,0.9797
1.8912,-9.6257,0.99734
1.9195,-9.6172,1.0135
1.9441,-9.6117,1.0276
1.9643,-9.6092,1.0392
1.9781,-9.609,1.0478
1.9864,-9.6098,1.0529
1.991,-9.6106,1.054
1.9937,-9.6119,1.0522
1.9949,-9.6145,1.0496
1.9948,-9.6176,1.048
1.9938,-9.6195,1.0486
1.9922,-9.6193,1.0514
1.99,-9.6171,1.0557
1.9874,-9.6133,1.0615
1.9849,-9.6086,1.0684
1.9834,-9.6033,1.0753
1.9832,-9.5977,1.0813
1.9842,-9.5925,1.0859
1.9859,-9.588,1.0887
1.9874,-9.5841,1.0886
1.988,-9.581,1.0849
1.9859,-9.5792,1.078
1.9796,-9.5794,1.0698
1.9696,-9.5815,1.0626
1.9585,-9.5845,1.0574
1.9494,-9.5869,1.0542
1.9446,-9.5879,1.0525
1.9459,-9.5876,1.0527
1.955,-9.5857,1.0556
1.9743,-9.5816,1.0621
2.0047,-9.5747,1.0728
2.0448,-9.5653,1.0876
2.0912,-9.5541,1.1052
2.1395,-9.5417,1.1242
2.1853,-9.5287,1.143
2.2246,-9.5161,1.1609
2.2544,-9.505,1.1769
2.2729,-9.4965,1.1897
2.2802,-9.4912,1.1978
2.2778,-9.4893,1.2005
2.2684,-9.4902,1.1982
2.2551,-9.4932,1.192
2.2407,-9.4966,1.1835
2.227,-9.4996,1.173
2.2148,-9.5022,1.1611
2.2039,-9.5047,1.1487
2.1936,-9.507,1.1371
2.1835,-9.509,1.1279
2.1743,-9.5104,1.1219
2.1679,-9.5115,1.1192
2.1658,-9.512,1.1188
2.169,-9.5119,1.1195
2.1781,-9.511,1.1205
2.1926,-9.509,1.122
2.2116,-9.5059,1.1245
2.234,-9.5024,1.128
2.2577,-9.4992,1.1315
2.2807,-9.4963,1.1338
2.3018,-9.4935,1.1346
2.3207,-9.4903,1.1338
2.3375,-9.4868,1.1318
2.3517,-9.4831,1.1287
2.3631,-9.4796,1.1249
2.3715,-9.4766,1.1206
2.378,-9.4742,1.1161
2.383,-9.4722,1.1119
2.3862,-9.4705,1.1083
2.3872,-9.4685,1.1053
2.3857,-9.4662,1.1033
2.3827,-9.4638,1.1027
2.3792,-9.4612,1.1037
2.3762,-9.4586,1.1058
2.3745,-9.4562,1.1088
2.3747,-9.4545,1.1125
2.3769,-9.4534,1.1171
2.3812,-9.4524,1.1223
2.3876,-9.451,1.1271
2.3945,-9.4492,1.1309
2.3999,-9.4481,1.1341
2.4024,-9.4478,1.1368
2.4016,-9.4476,1.1392
2.3979,-9.4468,1.1413
2.393,-9.4457,1.1433
2.389,-9.4444,1.1453
2.3866,-9.4435,1.1465
2.3858,-9.4433,1.1463
2.386,-9.4437,1.1452
2.387,-9.4444,1.1443
2.3882,-9.445,1.1437
2.3895,-9.4455,1.1432
2.3906,-9.4455,1.1426
2.3919,-9.4459,1.1417
2.3942,-9.4476,1.1405
2.3975,-9.4508,1.139
2.4019,-9.4549,1.1372
2.4071,-9.4595,1.1355
2.4121,-9.464,1.1345
2.4165,-9.4677,1.1347
2.4199,-9.4707,1.1364
2.4223,-9.4731,1.1398
2.424,-9.4748,1.1452
2.4254,-9.4758,1.1522
2.4269,-9.4762,1.1605
2.4292,-9.4761,1.1698
2.4324,-9.4755,1.1802
2.4372,-9.4739,1.1915
2.4441,-9.4712,1.2033
2.4531,-9.4678,1.2148
2.4634,-9.4638,1.2249
2.4741,-9.4594,1.233
2.485,-9.4547,1.239
2.4957,-9.4502,1.2426
2.5059,-9.4462,1.2441
2.5149,-9.4423,1.2439
2.5216,-9.4383,1.2422
2.5248,-9.4347,1.2394
2.5243,-9.4322,1.2354
2.5213,-9.4307,1.2304
2.5178,-9.4301,1.2248
2.5154,-9.4302,1.2192
2.5147,-9.4309,1.2138
2.5158,-9.4316,1.209
2.5184,-9.4318,1.2049
2.5219,-9.4316,1.2023
2.526,-9.431,1.2018
2.5305,-9.4296,1.2031
2.5354,-9.4277,1.2057
2.5405,-9.4255,1.2092
2.5457,-9.4233,1.2135
2.5506,-9.4207,1.218
2.5551,-9.4179,1.2225
2.5591,-9.4147,1.2267
2.5622,-9.4115,1.2301
2.5646,-9.4084,1.2327
2.5661,-9.4059,1.2347
2.5662,-9.4043,1.2357
2.5649,-9.4038,1.2354
2.5625,-9.4042,1.2336
2.5592,-9.4052,1.2305
2.5557,-9.4065,1.2266
2.5525,-9.4074,1.2224
2.55,-9.4071,1.2183
2.5482,-9.4055,1.2139
2.547,-9.4027,1.2085
2.5472,-9.4002,1.2024
2.5502,-9.3991,1.1964
2.5564,-9.3988,1.1913
2.5656,-9.3985,1.1872
2.5774,-9.3978,1.1847
2.5904,-9.3967,1.1841
2.6025,-9.395,1.1847
2.6113,-9.393,1.1856
2.6154,-9.3916,1.1865
2.6151,-9.3917,1.1872
2.6115,-9.3934,1.1876
2.6063,-9.3966,1.187
2.6008,-9.4008,1.1851
2.5956,-9.4048,1.1819
2.5901,-9.4077,1.1771
2.5836,-9.4092,1.1706
2.5753,-9.4102,1.1626
2.5656,-9.4122,1.1541
2.555,-9.4157,1.1469
2.5439,-9.4204,1.1422
2.5328,-9.4251,1.1402
2.5224,-9.4289,1.1404
2.513,-9.4316,1.1421
2.5048,-9.4331,1.1449
2.4987,-9.4334,1.1493
2.4955,-9.4331,1.1557
2.4958,-9.4322,1.1632
2.4993,-9.4309,1.1704
2.5057,-9.4293,1.1757
2.5145,-9.4271,1.1787
2.5258,-9.424,1.1801
2.5399,-9.4208,1.1805
2.5557,-9.418,1.1797
2.5715,-9.4154,1.1775
2.5856,-9.4126,1.1741
2.5976,-9.4094,1.1696
2.6065,-9.4061,1.165
2.6113,-9.4033,1.1607
2.612,-9.4012,1.157
2.6096,-9.3997,1.1539
2.6055,-9.3986,1.1513
2.601,-9.398,1.149
2.5976,-9.3987,1.1468
2.5951,-9.4006,1.1448
2.5929,-9.403,1.1434
2.5904,-9.4053,1.1423
2.5878,-9.4068,1.1414
2.5853,-9.4074,1.1404
2.5829,-9.4074,1.1391
2.5809,-9.4072,1.1374
2.5798,-9.407,1.1351
2.5799,-9.407,1.1329
2.5816,-9.4071,1.1315
2.5849,-9.4066,1.131
2.5895,-9.4055,1.1311
2.5946,-9.4039,1.1315
2.5996,-9.4021,1.1318
2.6038,-9.4006,1.1317
2.6068,-9.3994,1.1316
2.6088,-9.3988,1.132
2.6103,-9.3986,1.1324
2.612,-9.3991,1.1321
2.6141,-9.3999,1.1315
2.6165,-9.4006,1.1309
2.6194,-9.4009,1.1308
2.6227,-9.4004,1.1315
2.6264,-9.3996,1.1332
2.6306,-9.399,1.1355
2.6351,-9.3987,1.138
2.6396,-9.3984,1.14
2.644,-9.3982,1.141
2.6479,-9.3979,1.1419
2.6509,-9.3974,1.1431
2.6533,-9.3965,1.1437
2.6554,-9.3954,1.1434
2.6578,-9.3947,1.1424
2.6611,-9.3942,1.141
2.665,-9.394,1.1396
2.6689,-9.3941,1.1383
2.6718,-9.3947,1.1365
2.6734,-9.3957,1.134
2.6737,-9.3972,1.1312
2.673,-9.3991,1.1282
2.6713,-9.401,1.1252
2.6685,-9.4027,1.1225
2.6643,-9.4041,1.1204
2.6581,-9.4052,1.1186
2.65,-9.4054,1.1165
2.6403,-9.4044,1.1137
2.6297,-9.4025,1.1096
2.6196,-9.4014,1.1043
2.6116,-9.4017,1.0982
2.607,-9.4029,1.0922
2.6067,-9.4033,1.0871
2.6118,-9.4022,1.0835
2.6232,-9.3997,1.0814
2.641,-9.3961,1.0802
2.6641,-9.3916,1.0798
2.6904,-9.3866,1.0807
2.7167,-9.3821,1.0827
2.7404,-9.3788,1.0853
2.7588,-9.3766,1.0867
2.77,-9.3754,1.0854
2.7722,-9.3754,1.0814
2.7645,-9.377,1.0755
2.7469,-9.3801,1.0677
2.7209,-9.3849,1.058
2.6891,-9.3912,1.0468
2.6543,-9.3986,1.0347
2.6198,-9.4063,1.0228
2.5884,-9.4137,1.0119
2.562,-9.4197,1.003
2.5424,-9.424,0.99707
2.5309,-9.4264,0.99434
2.5279,-9.4269,0.99436
2.5325,-9.4261,0.99691
2.5433,-9.4241,1.0018
2.5582,-9.4212,1.0087
2.5751,-9.418,1.0168
2.5921,-9.4149,1.0249
2.6075,-9.4118,1.0314
2.6204,-9.4091,1.0354
2.6303,-9.4071,1.0371
2.6377,-9.4058,1.0375
2.6432,-9.4049,1.0372
2.6476,-9.4045,1.0361
2.6515,-9.4041,1.0347
2.6552,-9.4038,1.0335
2.6585,-9.4034,1.0326
2.6613,-9.4029,1.0321
2.6628,-9.4026,1.032
2.6629,-9.4028,1.0316
2.6615,-9.4039,1.0305
2.6591,-9.4054,1.0288
2.6561,-9.4066,1.0267
2.6526,-9.4072,1.0238
2.6487,-9.4072,1.0197
2.6442,-9.4071,1.0148
2.6387,-9.4072,1.0094
2.6323,-9.4075,1.0038
2.626,-9.4084,0.99833
2.6205,-9.4099,0.9933
2.6161,-9.4119,0.98902
2.6128,-9.414,0.98551
2.6109,-9.4157,0.98292
2.6103,-9.4167,0.98149
2.611,-9.4167,0.98146
2.6125,-9.4159,0.98303
2.6141,-9.4146,0.98601
2.6152,-9.4131,0.98984
2.6156,-9.4114,0.99385
2.6156,-9.4095,0.99754
2.6156,-9.4079,1.001
2.6158,-9.4063,1.0045
2.6161,-9.4049,1.0079
2.6165,-9.4041,1.0113
2.6172,-9.4041,1.0143
2.6181,-9.4044,1.0169
2.6186,-9.4048,1.019
2.6185,-9.4052,1.0209
2.6183,-9.4054,1.0229
2.6185,-9.4051,1.0246
2.6188,-9.4046,1.0257
2.6191,-9.4041,1.0258
2.6186,-9.404,1.0249
2.617,-9.4045,1.0232
2.6144,-9.4052,1.0213
2.6111,-9.4062,1.0193
2.608,-9.4077,1.0169
2.606,-9.4092,1.0142
2.6058,-9.4105,1.0118
2.6079,-9.4117,1.0104
2.612,-9.413,1.0106
2.6183,-9.4143,1.0127
2.6258,-9.4149,1.0164
2.6335,-9.4145,1.0204
2.6406,-9.4137,1.0244
2.6461,-9.413,1.0282
2.6496,-9.4124,1.0323
2.651,-9.4115,1.0364
2.6505,-9.4106,1.0399
2.6483,-9.4102,1.0421
2.6447,-9.4109,1.0431
2.6396,-9.4125,1.0432
2.6327,-9.4144,1.0435
2.6242,-9.416,1.0448
2.6151,-9.4174,1.0475
2.6062,-9.4186,1.0516
2.5978,-9.4197,1.0568
2.5901,-9.4206,1.0623
2.5837,-9.4214,1.0678
2.5783,-9.4222,1.073
2.5736,-9.423,1.0778
2.5692,-9.4237,1.082
2.5654,-9.4242,1.0855
2.5628,-9.4246,1.0879
2.5611,-9.4249,1.0894
2.5604,-9.425,1.0902
2.5604,-9.4249,1.0911
2.5612,-9.4246,1.0925
2.563,-9.4242,1.0939
2.5653,-9.4237,1.0946
2.5678,-9.4232,1.0948
2.5704,-9.4223,1.0953
2.573,-9.4211,1.0963
2.5755,-9.4197,1.0977
2.5779,-9.4185,1.0988
2.5798,-9.4174,1.0991
2.5814,-9.4165,1.0986
2.5827,-9.4156,1.0977
2.5837,-9.415,1.0969
2.5843,-9.4146,1.0958
2.5848,-9.4145,1.094
2.5856,-9.4144,1.092
2.587,-9.4144,1.0907
2.5891,-9.414,1.09
2.5915,-9.4131,1.0888
2.5937,-9.4123,1.0867
2.5946,-9.4119,1.0839
2.594,-9.4116,1.0808
2.5924,-9.4115,1.0774
2.5907,-9.4116,1.0738
2.5892,-9.412,1.0705
2.5884,-9.4127,1.068
2.5884,-9.4137,1.0662
2.5893,-9.4148,1.0653
2.5909,-9.4156,1.0654
2.5929,-9.416,1.0663
2.5947,-9.416,1.0676
2.5965,-9.4156,1.0688
2.5983,-9.4151,1.0697
2.6003,-9.4144,1.0698
2.6023,-9.4137,1.0691
2.6043,-9.4129,1.068
2.6062,-9.412,1.0667
2.6075,-9.4112,1.0655
2.6084,-9.4107,1.0647
2.609,-9.4107,1.0639
2.6099,-9.4111,1.0627
2.6108,-9.4115,1.0609
2.6116,-9.4118,1.0587
2.6119,-9.4122,1.056
2.6115,-9.413,1.053
2.6105,-9.414,1.0503
2.6092,-9.4149,1.048
2.6081,-9.4155,1.0462
2.6072,-9.4158,1.0451
2.6065,-9.4161,1.0443
2.6057,-9.4165,1.0435
2.6045,-9.417,1.0427
2.6029,-9.4173,1.0422
2.6012,-9.4176,1.0418
2.5994,-9.4179,1.0412
2.5975,-9.4182,1.041
2.5958,-9.4181,1.0412
2.5942,-9.4177,1.0418
2.5931,-9.4169,1.043
2.5921,-9.4162,1.0442
2.5908,-9.4156,1.0446
2.5891,-9.4151,1.0441
2.5871,-9.4148,1.043
2.5848,-9.4144,1.042
2.5833,-9.4143,1.0414
2.5832,-9.4145,1.0416
2.5843,-9.4147,1.0423
2.5861,-9.4147,1.043
2.588,-9.4147,1.0436
2.59,-9.4147,1.0446
2.5921,-9.4146,1.0463
2.5943,-9.4143,1.0485
2.5966,-9.4139,1.0505
2.5991,-9.4136,1.0524
2.6019,-9.4133,1.0541
2.6049,-9.4127,1.0556
2.6079,-9.412,1.0568
2.6107,-9.4114,1.0579
2.6132,-9.4111,1.0588
2.615,-9.4111,1.0596
2.6156,-9.4113,1.0599
2.6148,-9.4116,1.0598
2.6129,-9.412,1.0597
2.6099,-9.4124,1.0594
2.6063,-9.4132,1.0587
2.6027,-9.414,1.0581
2.5995,-9.4147,1.0578
2.5968,-9.4153,1.0579
2.5945,-9.4162,1.0585
2.5926,-9.4172,1.0597
2.5908,-9.4179,1.0615
2.589,-9.4178,1.0632
2.5874,-9.4171,1.0645
2.5862,-9.4158,1.0653
2.5857,-9.4143,1.0659
2.5859,-9.4129,1.0669
2.5868,-9.4117,1.068
2.5881,-9.4111,1.069
2.5898,-9.4108,1.0702
2.5914,-9.4106,1.0715
2.593,-9.4105,1.0732
2.5948,-9.4103,1.0751
2.5965,-9.4104,1.077
2.598,-9.4107,1.0786
2.599,-9.4114,1.0797
2.5994,-9.4126,1.0804
2.5996,-9.4142,1.0809
2.5996,-9.4158,1.0815
2.5995,-9.4173,1.0828
2.5998,-9.4184,1.0846
2.601,-9.4193,1.087
2.6031,-9.4201,1.0907
2.6057,-9.4204,1.0952
2.6087,-9.4202,1.099
2.611,-9.4198,1.1014
2.612,-9.4195,1.1024
2.6118,-9.4194,1.1022
2.6109,-9.4197,1.101
2.6099,-9.4202,1.0991
2.6089,-9.4207,1.0969
2.6077,-9.4208,1.0945
2.6062,-9.4202,1.0918
2.6044,-9.4193,1.0893
2.6022,-9.4185,1.0872
2.5997,-9.4182,1.0851
2.5971,-9.4181,1.083
2.5942,-9.4183,1.0804
2.5909,-9.4188,1.0776
2.5873,-9.4196,1.0749
2.5836,-9.4206,1.0727
2.5803,-9.4218,1.0708
2.5775,-9.4228,1.069
2.5753,-9.4236,1.0673
2.5739,-9.4241,1.0657
2.5732,-9.4247,1.0637
2.5727,-9.4251,1.0617
2.5723,-9.4252,1.0599
2.5721,-9.4253,1.0584
2.5722,-9.4256,1.0573
2.5726,-9.4259,1.0564
2.5732,-9.426,1.0555
2.5743,-9.4259,1.0545
2.5758,-9.4256,1.0537
2.5773,-9.4253,1.0532
2.5787,-9.4247,1.0531
2.5801,-9.4239,1.0529
2.5811,-9.4232,1.0527
2.5816,-9.4226,1.0522
2.5813,-9.4221,1.0515
2.5805,-9.4217,1.0509
2.5796,-9.4215,1.0509
2.5787,-9.4212,1.0511
2.5781,-9.4212,1.0511
2.5776,-9.422,1.051
2.5771,-9.4233,1.051
2.5766,-9.4242,1.0504
2.5759,-9.4245,1.0485
2.5748,-9.4249,1.0458
2.5728,-9.4256,1.0429
2.57,-9.4263,1.0401
2.5673,-9.427,1.0374
2.565,-9.4278,1.0348
2.5628,-9.429,1.0326
2.5611,-9.4301,1.0304
2.5602,-9.4307,1.0284
2.5598,-9.4305,1.0266
2.5593,-9.4296,1.025
2.559,-9.4281,1.0235
2.5589,-9.4264,1.022
2.559,-9.4248,1.0201
2.5593,-9.4238,1.0175
2.5596,-9.4235,1.0146
2.56,-9.4236,1.0112
2.5601,-9.4238,1.0072
2.5602,-9.4241,1.0027
2.5603,-9.4248,0.99795
2.5607,-9.4256,0.99323
2.561,-9.4267,0.9889
2.5615,-9.4281,0.98592
2.5627,-9.4296,0.98459
2.5653,-9.4306,0.98435
2.5688,-9.4304,0.98507
2.5725,-9.4296,0.98692
